BIOMIN Stir3,BIOMIN Stir3,BIOMIN Stir3,BIOMIN Stir3,BIOMIN Stir3
Deformation,Standard force,Standard travel,SG1,Test time
mm,N,mm,V,s
0,83.55818176,0,0,0
2.70E-06,83.11273193,2.70E-06,0,0.1
-7.10E-07,82.77171326,-7.10E-07,0,0.2
-7.94E-07,82.4828186,-7.94E-07,0,0.3
1.11E-05,82.26629639,1.11E-05,0,0.4
0.000310891,83.37941742,0.000310891,0,0.5
0.000978164,86.60047913,0.000978164,0,0.6
0.001965554,91.37141418,0.001965554,0,0.7
0.003271028,97.83409119,0.003271028,0,0.8
0.004920022,105.9327469,0.004920022,0,0.9
0.006878787,115.7163467,0.006878787,0,1
0.009194595,127.1382217,0.009194595,0,1.1
0.011842037,140.1150208,0.011842037,0,1.2
0.014821447,154.3331299,0.014821447,0,1.3
0.018091207,169.9204102,0.018091207,0,1.4
0.021432724,186.2572327,0.021432724,0,1.5
0.024781076,202.5948944,0.024781076,0,1.6
0.028099893,219.1728363,0.028099893,0,1.7
0.031412665,235.8948669,0.031412665,0,1.8
0.034763463,252.3148651,0.034763463,0,1.9
0.03808647,268.5484619,0.03808647,0,2
0.041424986,284.6990662,0.041424986,0,2.1
0.044780079,300.9234924,0.044780079,0,2.2
0.048131976,317.0685425,0.048131976,0,2.3
0.051472023,333.4130859,0.051472023,0,2.4
0.054811444,349.9084473,0.054811444,0,2.5
0.058132708,366.1848145,0.058132708,0,2.6
0.061468061,382.0887451,0.061468061,0,2.7
0.064797461,397.9938049,0.064797461,0,2.8
0.068119012,413.9696045,0.068119012,0,2.9
0.071455263,430.2007141,0.071455263,0,3
0.074777789,446.7024841,0.074777789,0,3.1
0.078106642,463.0880432,0.078106642,0,3.2
0.081431329,479.2179871,0.081431329,0,3.3
0.084792204,495.2199402,0.084792204,0,3.4
0.08810097,511.0646667,0.08810097,0,3.5
0.091434747,527.0373535,0.091434747,0,3.6
0.094751492,543.0977173,0.094751492,0,3.7
0.098077349,559.4226685,0.098077349,0,3.8
0.101423025,575.7094727,0.101423025,0,3.9
0.104769342,591.5423584,0.104769342,0,4
0.108107768,607.2667847,0.108107768,0,4.1
0.111436188,623.1368408,0.111436188,0,4.2
0.114760175,638.9882813,0.114760175,0,4.3
0.11810977,655.1112671,0.11810977,0,4.4
0.121444568,671.447876,0.121444568,0,4.5
0.124781802,687.5422363,0.124781802,0,4.6
0.128115073,703.4089355,0.128115073,0,4.7
0.131455958,719.0964966,0.131455958,0,4.8
0.134786651,734.7050171,0.134786651,0,4.9
0.138119608,750.3775635,0.138119608,0,5
0.141448274,766.2730103,0.141448274,0,5.1
0.144802555,782.4033813,0.144802555,0,5.2
0.148117691,798.314209,0.148117691,0,5.3
0.151443675,813.8311768,0.151443675,0,5.4
0.154773623,829.3082275,0.154773623,0,5.5
0.158089057,844.8566895,0.158089057,0,5.6
0.161428615,860.3536987,0.161428615,0,5.7
0.164767951,876.1035156,0.164767951,0,5.8
0.168117017,892.0139771,0.168117017,0,5.9
0.171460375,907.7422485,0.171460375,0,6
0.174780533,923.3269653,0.174780533,0,6.1
0.178104699,938.8201904,0.178104699,0,6.2
0.181452528,954.1483765,0.181452528,0,6.3
0.184763014,969.2908325,0.184763014,0,6.4
0.188103095,984.7403564,0.188103095,0,6.5
0.19144015,1000.493286,0.19144015,0,6.6
0.194780752,1015.943787,0.194780752,0,6.7
0.19811894,1031.188232,0.19811894,0,6.8
0.201462254,1046.501953,0.201462254,0,6.9
0.204796776,1061.745483,0.204796776,0,7
0.208129913,1076.768921,0.208129913,0,7.1
0.211433426,1091.913208,0.211433426,0,7.2
0.214759544,1107.143311,0.214759544,0,7.3
0.218112275,1122.320313,0.218112275,0,7.4
0.22144115,1137.329712,0.22144115,0,7.5
0.224772707,1152.246338,0.224772707,0,7.6
0.228114516,1167.095947,0.228114516,0,7.7
0.23144795,1181.936646,0.23144795,0,7.8
0.234786347,1197.022583,0.234786347,0,7.9
0.238118693,1212.262573,0.238118693,0,8
0.241431534,1227.105103,0.241431534,0,8.1
0.244765878,1241.978638,0.244765878,0,8.2
0.2480869,1256.91394,0.2480869,0,8.3
0.251426756,1271.720093,0.251426756,0,8.4
0.254765034,1286.634155,0.254765034,0,8.5
0.258082539,1301.767578,0.258082539,0,8.6
0.261428088,1316.843018,0.261428088,0,8.7
0.264770895,1331.652832,0.264770895,0,8.8
0.268122792,1346.154053,0.268122792,0,8.9
0.271446317,1360.484253,0.271446317,0,9
0.274757296,1374.842285,0.274757296,0,9.1
0.278105795,1389.371582,0.278105795,0,9.2
0.281439155,1404.099487,0.281439155,0,9.3
0.284775764,1418.824219,0.284775764,0,9.4
0.288127214,1433.252197,0.288127214,0,9.5
0.291463286,1447.650635,0.291463286,0,9.6
0.294788301,1461.964111,0.294788301,0,9.7
0.298123956,1476.136108,0.298123956,0,9.8
0.301440001,1490.508423,0.301440001,0,9.9
0.304770499,1505.137817,0.304770499,0,10
0.308108479,1519.356812,0.308108479,0,10.1
0.311442852,1533.351563,0.311442852,0,10.2
0.31476292,1547.166992,0.31476292,0,10.3
0.318105429,1561.089966,0.318105429,0,10.4
0.321430266,1575.081665,0.321430266,0,10.5
0.324771523,1589.263672,0.324771523,0,10.6
0.328108132,1603.564575,0.328108132,0,10.7
0.331434011,1617.447876,0.331434011,0,10.8
0.334762782,1631.185791,0.334762782,0,10.9
0.338104665,1645.045532,0.338104665,0,11
0.341448992,1658.897705,0.341448992,0,11.1
0.344789237,1672.808594,0.344789237,0,11.2
0.34813723,1686.973511,0.34813723,0,11.3
0.351482004,1701.112427,0.351482004,0,11.4
0.354804307,1714.81543,0.354804307,0,11.5
0.358125508,1728.250244,0.358125508,0,11.6
0.361461014,1741.544189,0.361461014,0,11.7
0.364781648,1754.845093,0.364781648,0,11.8
0.368119895,1768.249634,0.368119895,0,11.9
0.37144646,1781.942749,0.37144646,0,12
0.374784678,1795.718384,0.374784678,0,12.1
0.378103644,1809.117798,0.378103644,0,12.2
0.381432384,1822.435425,0.381432384,0,12.3
0.384765327,1835.806152,0.384765327,0,12.4
0.38809374,1848.990967,0.38809374,0,12.5
0.391426146,1862.228027,0.391426146,0,12.6
0.394758463,1875.754272,0.394758463,0,12.7
0.39808026,1889.316406,0.39808026,0,12.8
0.4014166,1902.695923,0.4014166,0,12.9
0.404763013,1915.960327,0.404763013,0,13
0.408102989,1929.07312,0.408102989,0,13.1
0.411452621,1942.02771,0.411452621,0,13.2
0.414798975,1954.922852,0.414798975,0,13.3
0.418123543,1967.875122,0.418123543,0,13.4
0.421452522,1980.920532,0.421452522,0,13.5
0.424798727,1993.640137,0.424798727,0,13.6
0.428118557,2006.396851,0.428118557,0,13.7
0.431444436,2019.225952,0.431444436,0,13.8
0.434777498,2031.812378,0.434777498,0,13.9
0.438114673,2044.616211,0.438114673,0,14
0.441439003,2057.652832,0.441439003,0,14.1
0.444786817,2070.510742,0.444786817,0,14.2
0.44811368,2083.180908,0.44811368,0,14.3
0.451439798,2095.612793,0.451439798,0,14.4
0.454770237,2107.798584,0.454770237,0,14.5
0.458095491,2119.945313,0.458095491,0,14.6
0.461417437,2132.278809,0.461417437,0,14.7
0.464754164,2144.86377,0.464754164,0,14.8
0.468093872,2157.385254,0.468093872,0,14.9
0.471438438,2169.493408,0.471438438,0,15
0.47478348,2181.562744,0.47478348,0,15.1
0.478099406,2193.491699,0.478099406,0,15.2
0.481447637,2205.564453,0.481447637,0,15.3
0.484787345,2217.987793,0.484787345,0,15.4
0.488128304,2230.356201,0.488128304,0,15.5
0.49146238,2242.434814,0.49146238,0,15.6
0.494815201,2254.37085,0.494815201,0,15.7
0.498127669,2266.174561,0.498127669,0,15.8
0.501462102,2277.880615,0.501462102,0,15.9
0.504779339,2289.562256,0.504779339,0,16
0.50812149,2301.567627,0.50812149,0,16.1
0.511477232,2313.611084,0.511477232,0,16.2
0.514773965,2325.192383,0.514773965,0,16.3
0.51809901,2336.631104,0.51809901,0,16.4
0.521432638,2348.274414,0.521432638,0,16.5
0.524766326,2359.812988,0.524766326,0,16.6
0.528111637,2371.480957,0.528111637,0,16.7
0.531452239,2383.3396,0.531452239,0,16.8
0.53477186,2394.826172,0.53477186,0,16.9
0.538104475,2406.033691,0.538104475,0,17
0.541426778,2417.050049,0.541426778,0,17.1
0.544757962,2428.22168,0.544757962,0,17.2
0.548099935,2439.596191,0.548099935,0,17.3
0.55142957,2451.000244,0.55142957,0,17.4
0.55477798,2462.78125,0.55477798,0,17.5
0.558107436,2474.460693,0.558107436,0,17.6
0.561444521,2485.566162,0.561444521,0,17.7
0.564775884,2496.647705,0.564775884,0,17.8
0.568130553,2507.838867,0.568130553,0,17.9
0.571464658,2518.803223,0.571464658,0,18
0.574786246,2530.009033,0.574786246,0,18.1
0.578099072,2541.425781,0.578099072,0,18.2
0.581436813,2552.483887,0.581436813,0,18.3
0.584772885,2563.224365,0.584772885,0,18.4
0.588106632,2573.799072,0.588106632,0,18.5
0.591431499,2584.352783,0.591431499,0,18.6
0.594775498,2594.932861,0.594775498,0,18.7
0.598118663,2605.612549,0.598118663,0,18.8
0.601430237,2616.361572,0.601430237,0,18.9
0.604771912,2627.036865,0.604771912,0,19
0.608100235,2637.373291,0.608100235,0,19.1
0.611432195,2647.780762,0.611432195,0,19.2
0.614768505,2658.225098,0.614768505,0,19.3
0.618102729,2668.637939,0.618102729,0,19.4
0.62141937,2679.205322,0.62141937,0,19.5
0.624746799,2689.817627,0.624746799,0,19.6
0.628099322,2700.284668,0.628099322,0,19.7
0.63145709,2710.525146,0.63145709,0,19.8
0.634783804,2720.640137,0.634783804,0,19.9
0.638115525,2730.808594,0.638115525,0,20
0.641450346,2740.955078,0.641450346,0,20.1
0.644785523,2751.356689,0.644785523,0,20.2
0.648117602,2761.916504,0.648117602,0,20.3
0.651453257,2772.172852,0.651453257,0,20.4
0.654799163,2782.3125,0.654799163,0,20.5
0.658129334,2792.474121,0.658129334,0,20.6
0.661462486,2802.316162,0.661462486,0,20.7
0.664785266,2812.302246,0.664785266,0,20.8
0.668117106,2822.513672,0.668117106,0,20.9
0.67144841,2832.692871,0.67144841,0,21
0.674769521,2842.585693,0.674769521,0,21.1
0.678106844,2852.164551,0.678106844,0,21.2
0.68142575,2861.708984,0.68142575,0,21.3
0.684757113,2871.013184,0.684757113,0,21.4
0.688087344,2880.40332,0.688087344,0,21.5
0.691426575,2890.067871,0.691426575,0,21.6
0.694758356,2899.909424,0.694758356,0,21.7
0.698091686,2909.585693,0.698091686,0,21.8
0.7014274,2919.338135,0.7014274,0,21.9
0.704773366,2929.126465,0.704773366,0,22
0.708109617,2938.713623,0.708109617,0,22.1
0.711446166,2948.465576,0.711446166,0,22.2
0.714788556,2958.375488,0.714788556,0,22.3
0.718122482,2967.955322,0.718122482,0,22.4
0.721454859,2977.325928,0.721454859,0,22.5
0.72478056,2986.688477,0.72478056,0,22.6
0.728115916,2995.949951,0.728115916,0,22.7
0.731444538,3005.107666,0.731444538,0,22.8
0.734776139,3014.195557,0.734776139,0,22.9
0.738100171,3023.388672,0.738100171,0,23
0.741432428,3032.533203,0.741432428,0,23.1
0.744763255,3041.356201,0.744763255,0,23.2
0.748091877,3050.291748,0.748091877,0,23.3
0.751420915,3059.156982,0.751420915,0,23.4
0.754766047,3068.151855,0.754766047,0,23.5
0.758077621,3077.365723,0.758077621,0,23.6
0.761417687,3086.690674,0.761417687,0,23.7
0.764745235,3095.593506,0.764745235,0,23.8
0.768078983,3104.206055,0.768078983,0,23.9
0.771422446,3112.707764,0.771422446,0,24
0.774776101,3121.309082,0.774776101,0,24.1
0.77812016,3129.835205,0.77812016,0,24.2
0.781459212,3138.556396,0.781459212,0,24.3
0.784805834,3147.53418,0.784805834,0,24.4
0.788135588,3156.048828,0.788135588,0,24.5
0.79146713,3164.200439,0.79146713,0,24.6
0.794796646,3172.384033,0.794796646,0,24.7
0.798114896,3180.662842,0.798114896,0,24.8
0.801442742,3188.981201,0.801442742,0,24.9
0.804786801,3197.720459,0.804786801,0,25
0.808130562,3206.455078,0.808130562,0,25.1
0.811442733,3214.785645,0.811442733,0,25.2
0.814780712,3222.835693,0.814780712,0,25.3
0.81811285,3230.711914,0.81811285,0,25.4
0.821425021,3238.625244,0.821425021,0,25.5
0.824747324,3246.637695,0.824747324,0,25.6
0.828081369,3255.046631,0.828081369,0,25.7
0.831418633,3263.41626,0.831418633,0,25.8
0.834766507,3271.388916,0.834766507,0,25.9
0.838115513,3279.143066,0.838115513,0,26
0.841444492,3286.883057,0.841444492,0,26.1
0.8447721,3294.890625,0.8447721,0,26.2
0.848121047,3303.191895,0.848121047,0,26.3
0.85145551,3311.735107,0.85145551,0,26.4
0.854790092,3320.102539,0.854790092,0,26.5
0.85812813,3328.061035,0.85812813,0,26.6
0.861464441,3335.716064,0.861464441,0,26.7
0.864776313,3343.227783,0.864776313,0,26.8
0.868111789,3350.737549,0.868111789,0,26.9
0.871448874,3358.418945,0.871448874,0,27
0.874784589,3366.37793,0.874784589,0,27.1
0.87812084,3374.227051,0.87812084,0,27.2
0.881431699,3381.449463,0.881431699,0,27.3
0.884764314,3388.72998,0.884764314,0,27.4
0.888091743,3396.118164,0.888091743,0,27.5
0.891419888,3403.43335,0.891419888,0,27.6
0.894762814,3411.111084,0.894762814,0,27.7
0.898111224,3418.925293,0.898111224,0,27.8
0.901449025,3426.544678,0.901449025,0,27.9
0.904766977,3433.87085,0.904766977,0,28
0.908104002,3440.993652,0.908104002,0,28.1
0.911436498,3447.885986,0.911436498,0,28.2
0.914755642,3454.695801,0.914755642,0,28.3
0.91810298,3461.764404,0.91810298,0,28.4
0.921460271,3469.262207,0.921460271,0,28.5
0.924791515,3476.687012,0.924791515,0,28.6
0.92812109,3483.697998,0.92812109,0,28.7
0.931463718,3490.700439,0.931463718,0,28.8
0.934802711,3497.62207,0.934802711,0,28.9
0.938131273,3504.381104,0.938131273,0,29
0.941461146,3511.378906,0.941461146,0,29.1
0.944775343,3518.480469,0.944775343,0,29.2
0.948099852,3525.381348,0.948099852,0,29.3
0.951444805,3532.185547,0.951444805,0,29.4
0.954780221,3538.800781,0.954780221,0,29.5
0.958124161,3545.399658,0.958124161,0,29.6
0.961446583,3551.897217,0.961446583,0,29.7
0.964785933,3558.60376,0.964785933,0,29.8
0.968106329,3565.372314,0.968106329,0,29.9
0.971439302,3571.747314,0.971439302,0,30
0.974764884,3578.12915,0.974764884,0,30.1
0.978101134,3584.661133,0.978101134,0,30.2
0.981442392,3591.150879,0.981442392,0,30.3
0.984766901,3597.788818,0.984766901,0,30.4
0.988095582,3604.737549,0.988095582,0,30.5
0.991449594,3611.594727,0.991449594,0,30.6
0.994794726,3618.04834,0.994794726,0,30.7
0.998131871,3624.144531,0.998131871,0,30.8
1.001444101,3630.053223,1.001444101,0,30.9
1.004770637,3636.042969,1.004770637,0,31
1.008111596,3642.313477,1.008111596,0,31.1
1.011442304,3648.964844,1.011442304,0,31.2
1.014790654,3655.522705,1.014790654,0,31.3
1.018115759,3661.76123,1.018115759,0,31.4
1.021479726,3667.833008,1.021479726,0,31.5
1.024800897,3673.912842,1.024800897,0,31.6
1.028131962,3680.182861,1.028131962,0,31.7
1.031452537,3686.740479,1.031452537,0,31.8
1.034766078,3693.41748,1.034766078,0,31.9
1.038097501,3699.591064,1.038097501,0,32
1.041441679,3705.415771,1.041441679,0,32.1
1.044773459,3711.071533,1.044773459,0,32.2
1.048096776,3716.780273,1.048096776,0,32.3
1.051438451,3722.647705,1.051438451,0,32.4
1.054783821,3728.64624,1.054783821,0,32.5
1.058104277,3734.641113,1.058104277,0,32.6
1.061418176,3740.269531,1.061418176,0,32.7
1.064759254,3745.584961,1.064759254,0,32.8
1.068096399,3751.05127,1.068096399,0,32.9
1.071436048,3756.626953,1.071436048,0,33
1.074783683,3762.317139,1.074783683,0,33.1
1.078131795,3768.359863,1.078131795,0,33.2
1.081484079,3774.337646,1.081484079,0,33.3
1.084816575,3779.857178,1.084816575,0,33.4
1.088129878,3784.975586,1.088129878,0,33.5
1.091457009,3790.04541,1.091457009,0,33.6
1.094777346,3795.241943,1.094777346,0,33.7
1.09811604,3800.570313,1.09811604,0,33.8
1.101451039,3806.178711,1.101451039,0,33.9
1.10479629,3811.92334,1.10479629,0,34
1.108107924,3817.130859,1.108107924,0,34.1
1.111438155,3822.237793,1.111438155,0,34.2
1.114768386,3827.377197,1.114768386,0,34.3
1.118097782,3832.365479,1.118097782,0,34.4
1.12141943,3837.494141,1.12141943,0,34.5
1.124723554,3842.592529,1.124723554,0,34.6
1.128062963,3847.909424,1.128062963,0,34.7
1.131401539,3853.031738,1.131401539,0,34.8
1.134748459,3858.134033,1.134748459,0,34.9
1.138100505,3863.133789,1.138100505,0,35
1.141456008,3868.447266,1.141456008,0,35.1
1.144799709,3873.452393,1.144799709,0,35.2
1.148110986,3878.421875,1.148110986,0,35.3
1.151458859,3883.596436,1.151458859,0,35.4
1.154800057,3888.652588,1.154800057,0,35.5
1.158115745,3893.807373,1.158115745,0,35.6
1.16147697,3899.181641,1.16147697,0,35.7
1.164794087,3904.44458,1.164794087,0,35.8
1.168104887,3909.641846,1.168104887,0,35.9
1.171443224,3915.095215,1.171443224,0,36
1.174769878,3920.154297,1.174769878,0,36.1
1.178111911,3925.061523,1.178111911,0,36.2
1.181442976,3929.956299,1.181442976,0,36.3
1.184752464,3934.756592,1.184752464,0,36.4
1.188073993,3939.471924,1.188073993,0,36.5
1.19140923,3944.424316,1.19140923,0,36.6
1.194749594,3949.672607,1.194749594,0,36.7
1.198094487,3954.80957,1.198094487,0,36.8
1.201447606,3959.64624,1.201447606,0,36.9
1.204774141,3964.424805,1.204774141,0,37
1.208097339,3969.047363,1.208097339,0,37.1
1.211436868,3973.701416,1.211436868,0,37.2
1.214778662,3978.827637,1.214778662,0,37.3
1.218129516,3984.006836,1.218129516,0,37.4
1.221469879,3988.781738,1.221469879,0,37.5
1.224797368,3993.26416,1.224797368,0,37.6
1.228131652,3997.468506,1.228131652,0,37.7
1.231460571,4001.686035,1.231460571,0,37.8
1.234778047,4005.896973,1.234778047,0,37.9
1.238116264,4010.518311,1.238116264,0,38
1.241453171,4015.295166,1.241453171,0,38.1
1.244776249,4019.704346,1.244776249,0,38.2
1.248100996,4023.881348,1.248100996,0,38.3
1.251423955,4028.209229,1.251423955,0,38.4
1.254772544,4032.567139,1.254772544,0,38.5
1.25810802,4037.10791,1.25810802,0,38.6
1.261448622,4041.945557,1.261448622,0,38.7
1.264775395,4046.611328,1.264775395,0,38.8
1.26809907,4050.914063,1.26809907,0,38.9
1.271423936,4054.974854,1.271423936,0,39
1.274772286,4059.03833,1.274772286,0,39.1
1.278110504,4063.268311,1.278110504,0,39.2
1.281442642,4067.576904,1.281442642,0,39.3
1.284774065,4072.157471,1.284774065,0,39.4
1.288121819,4076.660889,1.288121819,0,39.5
1.291461587,4080.643799,1.291461587,0,39.6
1.294785738,4084.544434,1.294785738,0,39.7
1.298121333,4088.448975,1.298121333,0,39.8
1.301453114,4092.433838,1.301453114,0,39.9
1.304778337,4096.631348,1.304778337,0,40
1.308101654,4101.09668,1.308101654,0,40.1
1.311433077,4105.399414,1.311433077,0,40.2
1.314766645,4109.477051,1.314766645,0,40.3
1.318125248,4113.452637,1.318125248,0,40.4
1.321453571,4117.297852,1.321453571,0,40.5
1.324786782,4121.316895,1.324786782,0,40.6
1.328119397,4125.42334,1.328119397,0,40.7
1.331445932,4129.751953,1.331445932,0,40.8
1.334761262,4133.788086,1.334761262,0,40.9
1.33810699,4137.432129,1.33810699,0,41
1.341455102,4141.262695,1.341455102,0,41.1
1.3447752,4145.068359,1.3447752,0,41.2
1.348108649,4148.736816,1.348108649,0,41.3
1.351417542,4152.682129,1.351417542,0,41.4
1.354765654,4156.84668,1.354765654,0,41.5
1.358111024,4160.682129,1.358111024,0,41.6
1.361462831,4164.217773,1.361462831,0,41.7
1.36480248,4167.594238,1.36480248,0,41.8
1.368121743,4170.899902,1.368121743,0,41.9
1.371454358,4174.233398,1.371454358,0,42
1.374793768,4177.700684,1.374793768,0,42.1
1.378133297,4181.424805,1.378133297,0,42.2
1.381462336,4184.880371,1.381462336,0,42.3
1.384797931,4188.077148,1.384797931,0,42.4
1.388140559,4191.338867,1.388140559,0,42.5
1.391458273,4194.504883,1.391458273,0,42.6
1.394794822,4197.679199,1.394794822,0,42.7
1.39812088,4201.150391,1.39812088,0,42.8
1.401458383,4204.662109,1.401458383,0,42.9
1.404793382,4207.972168,1.404793382,0,43
1.40810585,4210.995117,1.40810585,0,43.1
1.411434293,4213.76123,1.411434293,0,43.2
1.414761662,4216.51123,1.414761662,0,43.3
1.418104649,4219.320313,1.418104649,0,43.4
1.421447754,4222.398438,1.421447754,0,43.5
1.424770951,4225.624023,1.424770951,0,43.6
1.42810905,4228.490723,1.42810905,0,43.7
1.431441784,4231.274414,1.431441784,0,43.8
1.434780002,4234.01416,1.434780002,0,43.9
1.438126922,4236.535156,1.438126922,0,44
1.441480637,4239.317871,1.441480637,0,44.1
1.444805741,4242.337402,1.444805741,0,44.2
1.448140383,4245.055176,1.448140383,0,44.3
1.451451778,4247.424316,1.451451778,0,44.4
1.454794645,4249.62207,1.454794645,0,44.5
1.45812428,4251.729492,1.45812428,0,44.6
1.461455226,4253.720215,1.461455226,0,44.7
1.464793801,4255.824219,1.464793801,0,44.8
1.468108416,4258.053223,1.468108416,0,44.9
1.47144258,4260.241699,1.47144258,0,45
1.474762201,4262.01123,1.474762201,0,45.1
1.478091359,4263.692383,1.478091359,0,45.2
1.481436253,4265.48291,1.481436253,0,45.3
1.484771013,4267.27002,1.484771013,0,45.4
1.488089323,4269.254395,1.488089323,0,45.5
1.491428971,4271.258301,1.491428971,0,45.6
1.494759798,4272.768555,1.494759798,0,45.7
1.498087883,4273.958984,1.498087883,0,45.8
1.501429319,4274.968262,1.501429319,0,45.9
1.504788399,4275.883301,1.504788399,0,46
1.508118868,4276.576172,1.508118868,0,46.1
1.511472225,4277.431152,1.511472225,0,46.2
1.514812112,4278.394531,1.514812112,0,46.3
1.518136144,4278.882813,1.518136144,0,46.4
1.52146852,4279.03418,1.52146852,0,46.5
1.524794102,4279.06543,1.524794102,0,46.6
1.528117895,4278.991699,1.528117895,0,46.7
1.531450868,4279.053223,1.531450868,0,46.8
1.534789801,4279.342773,1.534789801,0,46.9
1.538114905,4279.394043,1.538114905,0,47
1.541453362,4278.945313,1.541453362,0,47.1
1.54478848,4278.006348,1.54478848,0,47.2
1.548115134,4276.822266,1.548115134,0,47.3
1.551433921,4275.523438,1.551433921,0,47.4
1.554764867,4274.154297,1.554764867,0,47.5
1.558080077,4273.027832,1.558080077,0,47.6
1.561422944,4271.839844,1.561422944,0,47.7
1.564768195,4270.057129,1.564768195,0,47.8
1.568108678,4267.958496,1.568108678,0,47.9
1.571446657,4265.71582,1.571446657,0,48
1.574777603,4263.370605,1.574777603,0,48.1
1.578121781,4261.001953,1.578121781,0,48.2
1.581472993,4258.763184,1.581472993,0,48.3
1.584808946,4255.950684,1.584808946,0,48.4
1.58814013,4252.654297,1.58814013,0,48.5
1.591472268,4248.910156,1.591472268,0,48.6
1.594794035,4244.869141,1.594794035,0,48.7
1.59811902,4240.687012,1.59811902,0,48.8
1.601454616,4236.456543,1.601454616,0,48.9
1.604804397,4232.313477,1.604804397,0,49
1.608137012,4227.779297,1.608137012,0,49.1
1.611453772,4222.46582,1.611453772,0,49.2
1.614772081,4217.049316,1.614772081,0,49.3
1.618096709,4211.431152,1.618096709,0,49.4
1.621430993,4205.560547,1.621430993,0,49.5
1.62477982,4199.731445,1.62477982,0,49.6
1.628116727,4193.856445,1.628116727,0,49.7
1.631438017,4187.521973,1.631438017,0,49.8
1.634781599,4180.708496,1.634781599,0,49.9
1.638111949,4173.451172,1.638111949,0,50
1.64144063,4165.783691,1.64144063,0,50.1
1.644766688,4157.89502,1.644766688,0,50.2
1.648108482,4150.183594,1.648108482,0,50.3
1.651451349,4142.546387,1.651451349,0,50.4
1.654790282,4134.487793,1.654790282,0,50.5
1.658133388,4125.955566,1.658133388,0,50.6
1.661461473,4117.216797,1.661461473,0,50.7
1.664806247,4107.963379,1.664806247,0,50.8
1.668128729,4098.342285,1.668128729,0,50.9
1.671450496,4088.709229,1.671450496,0,51
1.674752831,4078.90918,1.674752831,0,51.1
1.678093791,4068.705078,1.678093791,0,51.2
1.68143332,4058.268311,1.68143332,0,51.3
1.684781075,4047.577881,1.684781075,0,51.4
1.688133359,4036.72168,1.688133359,0,51.5
1.691450357,4025.522949,1.691450357,0,51.6
1.694790602,4014.487061,1.694790602,0,51.7
1.698114395,4003.262939,1.698114395,0,51.8
1.701435685,3991.658447,1.701435685,0,51.9
1.704759836,3979.728271,1.704759836,0,52
1.708086967,3967.861816,1.708086967,0,52.1
1.711441278,3955.828369,1.711441278,0,52.2
1.714758396,3943.643311,1.714758396,0,52.3
1.718087077,3931.681396,1.718087077,0,52.4
1.721438408,3919.552979,1.721438408,0,52.5
1.724791408,3906.971924,1.724791408,0,52.6
1.728138328,3893.927246,1.728138328,0,52.7
1.731449842,3880.423584,1.731449842,0,52.8
1.734773993,3866.814941,1.734773993,0,52.9
1.738103151,3853.187988,1.738103151,0,53
1.741445541,3839.723877,1.741445541,0,53.1
1.744785547,3826,1.744785547,0,53.2
1.748127818,3811.517822,1.748127818,0,53.3
1.751471519,3796.639404,1.751471519,0,53.4
1.754802465,3781.310303,1.754802465,0,53.5
1.758134365,3765.508301,1.758134365,0,53.6
1.761444092,3749.421387,1.761444092,0,53.7
1.764784217,3733.151855,1.764784217,0,53.8
1.768099427,3716.227295,1.768099427,0,53.9
1.771439433,3698.725586,1.771439433,0,54
1.774767756,3680.96582,1.774767756,0,54.1
1.778094411,3663.240723,1.778094411,0,54.2
1.781434417,3645.64209,1.781434417,0,54.3
1.784778357,3628.351318,1.784778357,0,54.4
1.78811264,3611.327393,1.78811264,0,54.5
1.791433096,3594.237549,1.791433096,0,54.6
1.794756413,3577.105713,1.794756413,0,54.7
1.798097491,3560.328369,1.798097491,0,54.8
1.801435113,3544.025146,1.801435113,0,54.9
1.804791093,3528.312744,1.804791093,0,55
1.808145046,3513.325195,1.808145046,0,55.1
1.811473846,3498.677246,1.811473846,0,55.2
1.81481719,3484.032715,1.81481719,0,55.3
1.818139076,3469.539551,1.818139076,0,55.4
1.821459532,3455.413086,1.821459532,0,55.5
1.824803829,3441.736328,1.824803829,0,55.6
1.828139305,3428.445557,1.828139305,0,55.7
1.831463218,3415.659912,1.831463218,0,55.8
1.834795833,3403.25293,1.834795833,0,55.9
1.838113666,3390.662842,1.838113666,0,56
1.841452837,3378.269043,1.841452837,0,56.1
1.844787717,3366.265869,1.844787717,0,56.2
1.848118901,3354.511963,1.848118901,0,56.3
1.851441383,3343.060059,1.851441383,0,56.4
1.854759336,3332.126953,1.854759336,0,56.5
1.858096361,3321.352051,1.858096361,0,56.6
1.861431479,3310.624023,1.861431479,0,56.7
1.86475563,3300.039307,1.86475563,0,56.8
1.86812079,3289.715332,1.86812079,0,56.9
1.871470809,3279.61499,1.871470809,0,57
1.874814868,3269.685791,1.874814868,0,57.1
1.878130317,3260.157471,1.878130317,0,57.2
1.881480098,3250.997559,1.881480098,0,57.3
1.884810805,3241.812744,1.884810805,0,57.4
1.888135076,3232.808594,1.888135076,0,57.5
1.891470194,3224.067871,1.891470194,0,57.6
1.894802451,3215.404785,1.894802451,0,57.7
1.89812088,3207.132568,1.89812088,0,57.8
1.90146625,3199.368896,1.90146625,0,57.9
1.904793024,3191.596191,1.904793024,0,58
1.908127785,3183.842529,1.908127785,0,58.1
1.91144824,3176.126221,1.91144824,0,58.2
1.914777398,3168.537598,1.914777398,0,58.3
1.918092728,3161.079834,1.918092728,0,58.4
1.921430469,3154.061768,1.921430469,0,58.5
1.92476511,3147.373047,1.92476511,0,58.6
1.928108931,3140.685303,1.928108931,0,58.7
1.93145442,3133.831787,1.93145442,0,58.8
1.934778333,3126.959717,1.934778333,0,58.9
1.938106418,3120.114258,1.938106418,0,59
1.941443801,3113.330322,1.941443801,0,59.1
1.944794536,3107.036133,1.944794536,0,59.2
1.948142529,3100.83667,1.948142529,0,59.3
1.951475263,3094.357666,1.951475263,0,59.4
1.954814196,3087.555176,1.954814196,0,59.5
1.958133221,3080.539307,1.958133221,0,59.6
1.961477399,3073.495361,1.961477399,0,59.7
1.96479404,3066.436768,1.96479404,0,59.8
1.968122363,3059.754639,1.968122363,0,59.9
1.971462131,3053.123535,1.971462131,0,60
1.974782109,3046.084473,1.974782109,0,60.1
1.978104591,3038.852051,1.978104591,0,60.2
1.981438637,3031.75,1.981438637,0,60.3
1.984779477,3024.682617,1.984779477,0,60.4
1.988113403,3017.733887,1.988113403,0,60.5
1.991454363,3011.056641,1.991454363,0,60.6
1.994781137,3004.096436,1.994781137,0,60.7
1.998115182,2996.769287,1.998115182,0,60.8
2.001452208,2989.245605,2.001452208,0,60.9
2.004776478,2981.634033,2.004776478,0,61
2.008103371,2974.172607,2.008103371,0,61.1
2.011443615,2966.700928,2.011443615,0,61.2
2.014774323,2959.515137,2.014774323,0,61.3
2.018122435,2952.218994,2.018122435,0,61.4
2.021440983,2944.310791,2.021440983,0,61.5
2.024789095,2936.32959,2.024789095,0,61.6
2.028122187,2928.449951,2.028122187,0,61.7
2.031458378,2920.441162,2.031458378,0,61.8
2.034783602,2912.717529,2.034783602,0,61.9
2.038112164,2905.315186,2.038112164,0,62
2.041457891,2897.76123,2.041457891,0,62.1
2.044792414,2889.820068,2.044792414,0,62.2
2.048123837,2881.625244,2.048123837,0,62.3
2.051469326,2873.255127,2.051469326,0,62.4
2.054785252,2864.845947,2.054785252,0,62.5
2.058118582,2856.443604,2.058118582,0,62.6
2.06144762,2848.10083,2.06144762,0,62.7
2.064776421,2839.474854,2.064776421,0,62.8
2.06811595,2830.491699,2.06811595,0,62.9
2.071442127,2821.395508,2.071442127,0,63
2.074783564,2812.195557,2.074783564,0,63.1
2.07810688,2802.640625,2.07810688,0,63.2
2.081441641,2792.998779,2.081441641,0,63.3
2.084765673,2783.300537,2.084765673,0,63.4
2.088113546,2773.280762,2.088113546,0,63.5
2.091444969,2762.568359,2.091444969,0,63.6
2.094773293,2751.468506,2.094773293,0,63.7
2.098118067,2740.312256,2.098118067,0,63.8
2.101438999,2729.095459,2.101438999,0,63.9
2.104768753,2717.921143,2.104768753,0,64
2.108092308,2706.788574,2.108092308,0,64.1
2.111435652,2695.552246,2.111435652,0,64.2
2.114792347,2684.306396,2.114792347,0,64.3
2.118127346,2673.439941,2.118127346,0,64.4
2.121453524,2662.630127,2.121453524,0,64.5
2.124782085,2652.128662,2.124782085,0,64.6
2.128126621,2642.384766,2.128126621,0,64.7
2.131451368,2632.844238,2.131451368,0,64.8
2.134782314,2623.157959,2.134782314,0,64.9
2.138091803,2613.472412,2.138091803,0,65
2.141421318,2603.89502,2.141421318,0,65.1
2.144753695,2594.52002,2.144753695,0,65.2
2.148088932,2585.567383,2.148088932,0,65.3
2.151444912,2577.362305,2.151444912,0,65.4
2.154767275,2569.450684,2.154767275,0,65.5
2.158107519,2561.524902,2.158107519,0,65.6
2.161435843,2553.886963,2.161435843,0,65.7
2.164774656,2546.540527,2.164774656,0,65.8
2.168121815,2539.237061,2.168121815,0,65.9
2.171456814,2532.328369,2.171456814,0,66
2.174786568,2525.864502,2.174786568,0,66.1
2.178140163,2519.403076,2.178140163,0,66.2
2.181468725,2512.955078,2.181468725,0,66.3
2.184795856,2506.51123,2.184795856,0,66.4
2.18813324,2500.198242,2.18813324,0,66.5
2.191458941,2493.964844,2.191458941,0,66.6
2.194784403,2487.935059,2.194784403,0,66.7
2.198103189,2482.398193,2.198103189,0,66.8
2.20142889,2477.053223,2.20142889,0,66.9
2.204782009,2471.704102,2.204782009,0,67
2.20809865,2466.374512,2.20809865,0,67.1
2.211444616,2461.342041,2.211444616,0,67.2
2.214774847,2456.395264,2.214774847,0,67.3
2.218096972,2451.986816,2.218096972,0,67.4
2.221423626,2447.7771,2.221423626,0,67.5
2.224764824,2443.401855,2.224764824,0,67.6
2.22808671,2438.89209,2.22808671,0,67.7
2.231441021,2434.440674,2.231441021,0,67.8
2.234793425,2430.140137,2.234793425,0,67.9
2.238132715,2425.895508,2.238132715,0,68
2.241481066,2421.854736,2.241481066,0,68.1
2.244805336,2418.045166,2.244805336,0,68.2
2.248145103,2414.050293,2.248145103,0,68.3
2.251478672,2409.76123,2.251478672,0,68.4
2.254800558,2405.573975,2.254800558,0,68.5
2.258125544,2401.602295,2.258125544,0,68.6
2.261456251,2397.830566,2.261456251,0,68.7
2.264783382,2394.495117,2.264783382,0,68.8
2.268125772,2391.253906,2.268125772,0,68.9
2.27144742,2387.656006,2.27144742,0,69
2.274790287,2383.817871,2.274790287,0,69.1
2.278107643,2379.898438,2.278107643,0,69.2
2.281446457,2376.099365,2.281446457,0,69.3
2.284753561,2372.275635,2.284753561,0,69.4
2.288082123,2368.826416,2.288082123,0,69.5
2.291420698,2365.51416,2.291420698,0,69.6
2.294764757,2361.80835,2.294764757,0,69.7
2.29810524,2357.94165,2.29810524,0,69.8
2.301439524,2354.144775,2.301439524,0,69.9
2.304782152,2350.514404,2.304782152,0,70
2.30812335,2347.135986,2.30812335,0,70.1
2.311479807,2344.063721,2.311479807,0,70.2
2.314801693,2340.652344,2.314801693,0,70.3
2.318136692,2337.061035,2.318136692,0,70.4
2.321471691,2333.321289,2.321471691,0,70.5
2.324800253,2329.628906,2.324800253,0,70.6
2.328125,2325.889404,2.328125,0,70.7
2.33147049,2322.34375,2.33147049,0,70.8
2.334796429,2319.139648,2.334796429,0,70.9
2.338125467,2315.886475,2.338125467,0,71
2.341453552,2312.28833,2.341453552,0,71.1
2.344751596,2308.664063,2.344751596,0,71.2
2.348092079,2305.206299,2.348092079,0,71.3
2.351440907,2301.731689,2.351440907,0,71.4
2.354783773,2298.593506,2.354783773,0,71.5
2.358119011,2295.714844,2.358119011,0,71.6
2.361459732,2292.657715,2.361459732,0,71.7
2.364771843,2289.357178,2.364771843,0,71.8
2.368106127,2285.936035,2.368106127,0,71.9
2.371439695,2282.491943,2.371439695,0,72
2.374777079,2279.023682,2.374777079,0,72.1
2.378110647,2275.781494,2.378110647,0,72.2
2.381452084,2272.935791,2.381452084,0,72.3
2.384786367,2270.007813,2.384786367,0,72.4
2.388124704,2266.846436,2.388124704,0,72.5
2.391470432,2263.756836,2.391470432,0,72.6
2.394815683,2260.588379,2.394815683,0,72.7
2.398145676,2257.275635,2.398145676,0,72.8
2.401459694,2254.219727,2.401459694,0,72.9
2.404782534,2251.300049,2.404782534,0,73
2.408109188,2248.211182,2.408109188,0,73.1
2.411432028,2245.131592,2.411432028,0,73.2
2.414787769,2241.98291,2.414787769,0,73.3
2.418130398,2238.876953,2.418130398,0,73.4
2.421465397,2235.77417,2.421465397,0,73.5
2.42479682,2232.888672,2.42479682,0,73.6
2.428120136,2230.065186,2.428120136,0,73.7
2.431436539,2227.014404,2.431436539,0,73.8
2.434763908,2223.849365,2.434763908,0,73.9
2.438099861,2220.835693,2.438099861,0,74
2.441428661,2217.761475,2.441428661,0,74.1
2.444765091,2214.837402,2.444765091,0,74.2
2.448095798,2212.232422,2.448095798,0,74.3
2.45144248,2209.608643,2.45144248,0,74.4
2.454790115,2206.650879,2.454790115,0,74.5
2.458127022,2203.561035,2.458127022,0,74.6
2.461444616,2200.336914,2.461444616,0,74.7
2.464774847,2197.291016,2.464774847,0,74.8
2.468111277,2194.363037,2.468111277,0,74.9
2.471446276,2191.812256,2.471446276,0,75
2.474778652,2189.327881,2.474778652,0,75.1
2.47812891,2186.559326,2.47812891,0,75.2
2.481468678,2183.815918,2.481468678,0,75.3
2.484792948,2181.158936,2.484792948,0,75.4
2.488124847,2178.505859,2.488124847,0,75.5
2.491447926,2176.180176,2.491447926,0,75.6
2.494785547,2174.109131,2.494785547,0,75.7
2.498114347,2171.764404,2.498114347,0,75.8
2.5014503,2169.209473,2.5014503,0,75.9
2.504775524,2166.600342,2.504775524,0,76
2.508105278,2164.043213,2.508105278,0,76.1
2.511439323,2161.669678,2.511439323,0,76.2
2.51477766,2159.643066,2.51477766,0,76.3
2.518115759,2157.793701,2.518115759,0,76.4
2.521427393,2155.736084,2.521427393,0,76.5
2.524765015,2153.480225,2.524765015,0,76.6
2.528105259,2151.403076,2.528105259,0,76.7
2.531446934,2149.389404,2.531446934,0,76.8
2.534778595,2147.405762,2.534778595,0,76.9
2.538131714,2145.921143,2.538131714,0,77
2.541494608,2144.345947,2.541494608,0,77.1
2.544817924,2142.428955,2.544817924,0,77.2
2.548141003,2140.295654,2.548141003,0,77.3
2.549128056,2139.673828,2.549128056,0,77.33
